bairro_origem,bairro_destino,logradouro,observacao,peso 
Recife,Santo Amaro,p.mauricio_nassau+p.limoeiro,p = ponte,1.0
Boa Vista,Cabanga,p.boa_vista+p.de_ferro+vd.cinco_pontas,p = ponte; vd = viaduto,1.5
Boa Vista,Ilha do Leite,r.dos_coelhos,r = rua,2.0
Boa Vista,Paissandu,r.dos_coelhos+r.francisco_alves,r = rua,4.0
Boa Vista,Santo Antônio,p.da_boa_vista,p = ponte,0.5
Boa Vista,São José,p.da_boa_vista+p.de_ferro,p = ponte,1.0
Boa Vista,Soledade,av.conde_da_boa_vista,av = avenida,1.0
Cabanga,Ilha do Leite,vd.cinco_pontas+r.dr_jose_mariano+r.dos_coelhos,vd = viaduto; r = rua,4.5
Cabanga,Paissandu,vd.cinco_pontas+r.dr_jose_mariano+r.dos_coelhos+r.francisco_alves,vd = viaduto; r = rua,6.5
Cabanga,Santo Antônio,vd.cinco_pontas+p.de_ferro,vd = viaduto; p = ponte,1.0
Cabanga,São José,vd.cinco_pontas,vd = viaduto,0.5
Cabanga,Soledade,vd.cinco_pontas+p.de_ferro+p.da_boa_vista+av.conde_da_boa_vista,vd = viaduto; p = ponte; av = avenida,2.5
Ilha do Leite,Paissandu,r.francisco_alves,r = rua,2.0
Ilha do Leite,Santo Antônio,r.dos_coelhos+p.da_boa_vista,r = rua; p = ponte,2.5
Ilha do Leite,São José,r.dos_coelhos+r.dr_jose_mariano,r = rua,4.0
Ilha do Leite,Soledade,r.dos_coelhos+av.conde_da_boa_vista,r = rua; av = avenida,3.0
Paissandu,Santo Antônio,r.francisco_alves+r.dos_coelhos+p.da_boa_vista,r = rua; p = ponte,4.5
Paissandu,São José,r.francisco_alves+r.dos_coelhos+r.dr_jose_mariano,r = rua,6.0
Paissandu,Soledade,r.francisco_alves+r.dos_coelhos+av.conde_da_boa_vista,r = rua; av = avenida,5.0
Santo Antônio,São José,p.de_ferro,p = ponte,0.5
Santo Antônio,Soledade,p.da_boa_vista+av.conde_da_boa_vista,p = ponte; av = avenida,1.5
São José,Soledade,p.de_ferro+p.da_boa_vista+av.conde_da_boa_vista,p = ponte; av = avenida,2.0
Coelhos,Ilha Joana Bezerra,r.dr_jose_mariano+p.joaquim_cardoso,r = rua; p = ponte,2.5
Arruda,Campina do Barreto,av.beberibe,av = avenida,1.0
Arruda,Campo Grande,est.de_belem+av.norte,est = estrada; av = avenida,2.5
Arruda,Encruzilhada,av.beberibe+av.norte+r.dr_jose_maria,av = avenida; r = rua,4.0
Arruda,Hipódromo,est.de_belem,est = estrada,1.5
Arruda,Peixinhos,av.prof_jose_dos_anjos,av = avenida,1.0
Arruda,Ponto de Parada,av.beberibe,av = avenida,1.0
Arruda,Rosarinho,av.beberibe+av.norte,av = avenida,2.0
Arruda,Torreão,est.de_belem+r.da_regeneracao,est = estrada; r  = rua,3.5
Campina do Barreto,Campo Grande,av.beberibe+av.norte,av = avenida,2.0
Campina do Barreto,Encruzilhada,av.beberibe,av = avenida,1.0
Campina do Barreto,Hipódromo,av.beberibe+est.de_belem,est = estrada; av = avenida,2.5
Campina do Barreto,Peixinhos,av.prof_jose_dos_anjos,av = avenida,1.0
Campina do Barreto,Ponto de Parada,av.beberibe,av = avenida,1.0
Campina do Barreto,Rosarinho,av.beberibe+av.norte,av = avenida,2.0
Campina do Barreto,Torreão,av.beberibe+est.de_belem+r.da_regeneracao,est = estrada; av = avenida; r = rua,4.5
Campo Grande,Encruzilhada,av.beberibe,av = avenida,1.0
Campo Grande,Hipódromo,av.norte+est.de_belem,est = estrada; av = avenida,2.5
Campo Grande,Peixinhos,av.norte+est.de_belem+av.prof_jose_dos_anjos,est = estrada; av = avenida,3.5
Campo Grande,Ponto de Parada,av.beberibe+av.norte,av = avenida,2.0
Campo Grande,Rosarinho,av.norte+r.dr_jose_maria,av = avenida; r = rua,3.0
Campo Grande,Torreão,av.agamenon_magalhaes+r.marques_do_parana,av = avenida; r = rua,3.0
Encruzilhada,Hipódromo,est.de_belem,est = estrada,1.5
Encruzilhada,Peixinhos,est.de_belem+av.prof_jose_dos_anjos,est = estrada; av = avenida,2.5
Encruzilhada,Ponto de Parada,r.dr_jose_maria+av.norte,av = avenida; r = rua,3.0
Encruzilhada,Rosarinho,r.dr_jose_maria,r = rua,2.0
Encruzilhada,Torreão,av.agamenon_magalhaes+r.marques_do_parana,av = avenida; r = rua,3.0
Hipódromo,Peixinhos,est.de_belem+av.prof_jose_dos_anjos,est = estrada; av = avenida,2.5
Hipódromo,Ponto de Parada,est.de_belem+av.beberibe,est = estrada; av = avenida,2.5
Hipódromo,Rosarinho,est.de_belem+r.dr_jose_maria,est = estrada; r = rua,3.5
Hipódromo,Torreão,r.da_regeneracao,r = rua,2.0
Peixinhos,Ponto de Parada,av.prof_jose_dos_anjos+av.beberibe,av = avenida,2.0
Peixinhos,Rosarinho,av.prof_jose_dos_anjos+av.beberibe+av.norte,av = avenida,3.0
Peixinhos,Torreão,av.prof_jose_dos_anjos+est.de_belem+r.da_regeneracao,est = estrada; r = rua; av = avenida,4.5
Ponto de Parada,Rosarinho,av.norte,av = avenida,1.0
Ponto de Parada,Torreão,av.beberibe+est.de_belem+r.da_regeneracao,est = estrada; r = rua; av = avenida,4.5
Rosarinho,Torreão,r.dr_jose_maria+est.de_belem+r.da_regeneracao,est = estrada; r = rua,5.5
Água Fria,Alto Santa Teresinha,r.corrego_do_euclides,r = rua,2.0
Água Fria,Bomba do Hemetério,av.anibal_benevolo,av = avenida,1.0
Água Fria,Cajueiro,av.beberibe,av = avenida,1.0
Água Fria,Fundão,av.beberibe+av.norte,av = avenida,2.0
Água Fria,Porto da Madeira,av.beberibe,av = avenida,1.0
Água Fria,Beberibe,av.beberibe,av = avenida,1.0
Água Fria,Dois Unidos,av.beberibe+av.hildebrando_vasconcelos,av = avenida,2.0
Água Fria,Linha do Tiro,av.beberibe+av.hildebrando_vasconcelos,av = avenida,2.0
Alto Santa Teresinha,Bomba do Hemetério,r.corrego_do_euclides+av.anibal_benevolo,r = rua; av = avenida,3.0
Alto Santa Teresinha,Cajueiro,r.corrego_do_euclides+av.beberibe,r = rua; av = avenida,3.0
Alto Santa Teresinha,Fundão,r.corrego_do_euclides+av.beberibe+av.norte,r = rua; av = avenida,4.0
Alto Santa Teresinha,Porto da Madeira,r.corrego_do_euclides+av.beberibe,r = rua; av = avenida,3.0
Alto Santa Teresinha,Beberibe,r.corrego_do_euclides+av.beberibe,r = rua; av = avenida,3.0
Alto Santa Teresinha,Dois Unidos,r.corrego_do_euclides+av.beberibe+av.hildebrando_vasconcelos,r = rua; av = avenida,4.0
Alto Santa Teresinha,Linha do Tiro,r.corrego_do_euclides+av.beberibe+av.hildebrando_vasconcelos,r = rua; av = avenida,4.0
Bomba do Hemetério,Cajueiro,av.anibal_benevolo+av.beberibe,av = avenida,2.0
Bomba do Hemetério,Fundão,av.anibal_benevolo+av.beberibe+av.norte,av = avenida,3.0
Bomba do Hemetério,Porto da Madeira,av.anibal_benevolo+av.beberibe,av = avenida,2.0
Bomba do Hemetério,Beberibe,av.anibal_benevolo+av.beberibe,av = avenida,2.0
Bomba do Hemetério,Dois Unidos,av.anibal_benevolo+av.beberibe+av.hildebrando_vasconcelos,av = avenida,3.0
Bomba do Hemetério,Linha do Tiro,av.anibal_benevolo+av.beberibe+av.hildebrando_vasconcelos,av = avenida,3.0
Cajueiro,Fundão,av.norte,av = avenida,1.0
Cajueiro,Porto da Madeira,av.beberibe,av = avenida,1.0
Cajueiro,Beberibe,av.beberibe,av = avenida,1.0
Cajueiro,Dois Unidos,av.beberibe+av.hildebrando_vasconcelos,av = avenida,2.0
Cajueiro,Linha do Tiro,av.beberibe+av.hildebrando_vasconcelos,av = avenida,2.0
Fundão,Porto da Madeira,av.norte+av.beberibe,av = avenida,2.0
Fundão,Beberibe,av.norte+av.beberibe,av = avenida,2.0
Fundão,Dois Unidos,av.norte+av.beberibe+av.hildebrando_vasconcelos,av = avenida,3.0
Fundão,Linha do Tiro,av.norte+av.beberibe+av.hildebrando_vasconcelos,av = avenida,3.0
Porto da Madeira,Beberibe,av.beberibe,av = avenida,1.0
Porto da Madeira,Dois Unidos,av.beberibe+av.hildebrando_vasconcelos,av = avenida,2.0
Porto da Madeira,Linha do Tiro,av.beberibe+av.hildebrando_vasconcelos,av = avenida,2.0
Beberibe,Dois Unidos,av.hildebrando_vasconcelos,av = avenida,1.0
Beberibe,Linha do Tiro,av.hildebrando_vasconcelos,av = avenida,1.0
Dois Unidos,Linha do Tiro,av.hildebrando_vasconcelos,av = avenida,1.0
Aflitos,Alto do Mandu,av.norte+av.santos_dumont,av = avenida,2.0
Aflitos,Apipucos,r. dos aflitos + r. alvares de azevedo + av. 17 de agosto,av= avenida ; r=rua,4.0
Aflitos,Casa Amarela,r.manuel_de_carvalho+av.santos_dumont+estr.do_arraial,av= avenida ; est=estrada,4.5
Aflitos,Casa Forte,r.manuel_de_carvalho+av.santos_dumont+av.conselheiro_rosa_e_silva+estr.do_arraial+r.da_harmonia,av=avenida; est= estrada,7.5
Aflitos,Derby,r.da_angustura+r.quarenta_e_oito+av.gov_agamenon_magalhaes,av= avenida; r=rua,5.0
Aflitos,Dois Irmãos,r.da_angustura+r.joao_de_barros+av.gov_agamenon_magalhaes+av.norte+av.professor_andrade_bezerra+br-101,av= avenida; r=rua,8.0
Aflitos,Espinheiro,r.da_angustura+r.quarenta_e_oito+av.joao_de_barros+r.do_espinheiro,r=rua; av= avenida,6.0
Aflitos,Graças,r.da_angustura+r.quarenta_e_oito+r.das_gracas,r=rua,6.0
Aflitos,Jaqueira,r.da_angustura+r.joao_de_barros+av.gov_agamenon_magalhaes+r.do_futuro,r=rua; av= avenida,6.0
Aflitos,Monteiro,r.da_angustura+r.rosarinho+estr.do_arraial,r=rua;est=estrada,5.5
Aflitos,Parnamirim,r.da_angustura+r.rosarinho+av.dezessete_de_agosto,r=rua;av=avenida,5.0
Aflitos,Poço,r.da_angustura+r.joao_de_barros+r.do_arraial+av.dezessete_de_agosto,r=rua;av=avenida,6.0
Aflitos,Santana,"r.da_angustura+r.joao_de_barros+r.do_arraial+av.dezessete_de_agosto
",r=rua;av=avenida,6.0
Aflitos,Sítio dos Pintos,r.da_angustura+r.rosarinho+av.norte_miguel_arraes_de_alencar,r=rua;av=avenida,5.0
Aflitos,Tamarineira,r.da_angustura+r.joao_de_barros+r.do_arraiál+av.norte_miguel_arraes_de_alencar,r=rua;av=avenida,6.0
Alto do Mandu,Apipucos,r.mandacaru+r.de_apipucos,r=rua,4.0
Alto do Mandu,Casa Amarela,r.pedro_de_barros+r.da_harmonia,r=rua,4.0
Alto do Mandu,Casa Forte,r.mandacaru+r.de_apipucos+av.dezessete_de_agosto,r=rua;av=avenida,5.0
Alto do Mandu,Derby,r.pedro_de_barros+av.norte_miguel_arraes_de_alencar,r=rua;av=avenida,3.0
Alto do Mandu,Dois Irmãos,r.mandacaru+r.dois_irmaos,r=rua,4.0
Alto do Mandu,Espinheiro,r.pedro_de_barros+r.da_harmonia+r.domingos_ferreira+av.conselheiro_rosa_e_silva,r=rua;av=avenida,7.0
Alto do Mandu,Graças,r.mandacaru+r.de_apipucos+av.dezessete_de_agosto+av.rui_barbosa,r=rua;av=avenida,6.0
Alto do Mandu,Jaqueira,r.pedro_de_barros+r.da_harmonia+r.conselheiro_aguiar+r.do_futuro,r=rua,8.0
Alto do Mandu,Monteiro,r.mandacaru+r.de_apipucos+r.da_hora,r=rua,6.0
Alto do Mandu,Parnamirim,r.pedro_de_barros+r.da_harmonia+r.conselheiro_aguiar+av.dezessete_de_agosto,r=rua;av=avenida,7.0
Alto do Mandu,Poço,r.mandacaru+r.de_apipucos+av.dezessete_de_agosto,r=rua;av=avenida,5.0
Alto do Mandu,Santana,r.mandacaru+r.de_apipucos+av.dezessete_de_agosto+av.joao_de_barros,r=rua;av=avenida,6.0
Alto do Mandu,Sítio dos Pintos,r.dois_irmaos,r=rua ,2.0
Alto do Mandu,Tamarineira,r.pedro_de_barros+r.da_harmonia+av.norte_miguel_arraes_de_alencar,r=rua;av=avenida,5.0
Apipucos,Casa Amarela,r.mandacaru+r.padre_lemos,r=rua ,4.0
Apipucos,Casa Forte,r.de_apipucos+av.dezessete_de_agosto,r=rua;av=avenida,3.0
Apipucos,Derby,r.de_apipucos+av.dezessete_de_agosto+av.rui_barbosa,r=rua;av=avenida,4.0
Apipucos,Dois Irmãos,r.de_apipucos+r.dois_irmaos,r=rua ,4.0
Apipucos,Espinheiro,r.mandacaru+r.padre_lemos+av.norte_miguel_arraes_de_alencar,r=rua;av=avenida,5.0
Apipucos,Graças,r.de_apipucos+av.dezessete_de_agosto+av.rui_barbosa,r=rua;av=avenida,4.0
Apipucos,Jaqueira,r.de_apipucos+estr.do_encanamento,r=rua; est=estrada,3.5
Apipucos,Monteiro,r.de_apipucos,r=rua,2.0
Apipucos,Parnamirim,r.de_apipucos+estr.do_encanamento,r=rua; est=estrada,3.5
Apipucos,Poço,r.de_apipucos+av.dezessete_de_agosto,r=rua;av=avenida,3.0
Apipucos,Santana,r.de_apipucos+av.dezessete_de_agosto,r=rua;av=avenida,3.0
Apipucos,Sítio dos Pintos,r.dois_irmaos+r.manuel_de_medeiros+estr.dos_pintos,r=rua; est=estrada,5.5
Apipucos,Tamarineira,r.pedro_de_barros+r.da_harmonia+av.norte_miguel_arraes_de_alencar,r=rua;av=avenida,5.0
Casa Amarela,Casa Forte,estr.do_arraial+estr.do_encanamento,est=estrada,3.0
Casa Amarela,Derby,r.da_harmonia+av.rui_barbosa,r=rua;av=avenida,3.0
Casa Amarela,Dois Irmãos,estr.do_arraial+r.de_apipucos+r.dois_irmaos,est=estrada; r=rua,5.5
Casa Amarela,Espinheiro,av.norte_miguel_arraes_de_alencar,av=avenida,1.0
Casa Amarela,Graças,estr.do_encanamento+av.rui_barbosa,est=estrada;  av= avenida,2.5
Casa Amarela,Jaqueira,r.da_harmonia+r.conselheiro_aguiar+r.do_futuro,r=rua ,6.0
Casa Amarela,Monteiro,estr.do_arraial+r.de_apipucos+r.dois_irmaos,est=estrada; r=rua,5.5
Casa Amarela,Parnamirim,estr.do_encanamento+av.rui_barbosa,est=estrada;  av= avenida,2.5
Casa Amarela,Poço,estr.do_arraial+r.pedro_de_barros+r.da_harmonia,est=estrada; r=rua,5.5
Casa Amarela,Santana,r.da_harmonia+r.conselheiro_aguiar+r.do_futuro+av.dezessete_de_agosto,r=rua;av=avenida,8.0
Casa Amarela,Sítio dos Pintos,r.da_harmonia+r.dois_irmaos+r.manuel_de_medeiros+estr.dos_pintos,r=rua; est=estrada,7.5
Casa Amarela,Tamarineira,av.norte_miguel_arraes_de_alencar+av.prof_jose_dos_anjos,av = avenida,2.0
Casa Forte,Derby,av.rui_barbosa,av = avenida,1.0
Casa Forte,Dois Irmãos,av.dezessete_de_agosto+r.de_apipucos+r.dois_irmãos,av = avenida; r = rua,5.0
Casa Forte,Espinheiro,av.rui_barbosa,av = avenida,1.0
Casa Forte,Graças,av.rui_barbosa,av = avenida,1.0
Casa Forte,Jaqueira,r.afonso_de_albuquerque_melo,r = rua,2.0
Casa Forte,Monteiro,av.dezessete_de_agosto,av = avenida,1.0
Casa Forte,Parnamirim,av.dezessete_de_agosto,av = avenida,1.0
Casa Forte,Poço,praça_de_casa_forte+estr.real_do_poço,estr = estrada,3.5
Casa Forte,Santana,praça_de_casa_forte+av.dezessete_de_agosto+r.sant_anna,av = avenida; r = rua,4.0
Casa Forte,Sítio dos Pintos,av.dezessete_de_agosto,av = avenida,1.0
Casa Forte,Tamarineira,av.dezessete_de_agosto,av = avenida,1.0
Derby,Dois Irmãos,av.caxanga,av = avenida,1.0
Derby,Espinheiro,r.do_espinheiro,r = rua,2.0
Derby,Graças,r.das_graças,r = rua,2.0
Derby,Jaqueira,av.conselheiro_rosa_e_silva,av = avenida,1.0
Derby,Monteiro,av.dezessete_de_agosto,av = avenida,1.0
Derby,Parnamirim,r.jose_bonifacio,r = rua,2.0
Derby,Poço,r.jose_bonifacio,r = rua,2.0
Derby,Santana,r.jose_bonifacio,r = rua,2.0
Derby,Sítio dos Pintos,av.caxanga,av = avenida,1.0
Derby,Tamarineira,av.conselheiro_rosa_e_silva,av = avenida,1.0
Dois Irmãos,Espinheiro,av.norte_miguel_arraes_de_alencar,av = avenida,1.0
Dois Irmãos,Graças,av.rui_barbosa,av = avenida,1.0
Dois Irmãos,Jaqueira,estr.do_encanamento,r = rua,1.5
Dois Irmãos,Monteiro,r.caetes+r.de_apipucos,r = rua,4.0
Dois Irmãos,Parnamirim,estr.do_encanamento,estr = estrada,1.5
Dois Irmãos,Poço,r.de_apipucos,r = rua,2.0
Dois Irmãos,Santana,av.dezessete_de_agosto,av = avenida,1.0
Dois Irmãos,Sítio dos Pintos,r.manuel_de_medeiros+estr.dos_pintos,r = rua; estr = estrada,3.5
Dois Irmãos,Tamarineira,av.norte_miguel_arraes_de_alencar,av = avenida,1.0
Espinheiro,Graças,av.gov_agamenon_magalhaes,av = avenida,1.0
Espinheiro,Jaqueira,av.conselheiro_rosa_e_silva,av = avenida,1.0
Espinheiro,Monteiro,estr.do_arraial,estr = estrada,1.5
Espinheiro,Parnamirim,av.conselheiro_rosa_e_silva,av = avenida,1.0
Espinheiro,Poço,av.conselheiro_rosa_e_silva,av = avenida,1.0
Espinheiro,Santana,av.conselheiro_rosa_e_silva,av = avenida,1.0
Espinheiro,Sítio dos Pintos,estr.do_arraial,estr = estrada,1.5
Espinheiro,Tamarineira,av.norte_miguel_arraes_de_alencar,av = avenida,1.0
Graças,Jaqueira,av.conselheiro_rosa_e_silva,av = avenida,1.0
Graças,Monteiro,av.conselheiro_rosa_e_silva+estr.do_arraial,av = avenida; estr = estrada,2.5
Graças,Parnamirim,av.conselheiro_rosa_e_silva,av = avenida,1.0
Graças,Poço,r.jose_bonifacio,r = rua,2.0
Graças,Santana,r.jose_bonifacio,r = rua,2.0
Graças,Sítio dos Pintos,av.caxanga,av = avenida,1.0
Graças,Tamarineira,av.conselheiro_rosa_e_silva+av.santos_dumont,av = avenida,2.0
Jaqueira,Monteiro,estr.do_arraial,estr = estrada,1.5
Jaqueira,Parnamirim,r.do_futuro,r = rua,2.0
Jaqueira,Poço,r.leonardo_bezerra_cavalcante+av.dezessete_de_agosto,av = avenida; r = rua,3.0
Jaqueira,Santana,r.leonardo_bezerra_cavalcante,r = rua,2.0
Jaqueira,Sítio dos Pintos,av.norte+av.caxangá+av.sítio_dos_pintos,av = avenida,3.0
Jaqueira,Tamarineira,r.da_jaqueira+av.norte,av = avenida; r = rua,3.0
Monteiro,Parnamirim,av.são_mateus+av.norte,av = avenida,2.0
Monteiro,Poço,av.beira_rio+av.nossa_senhora_do_rosário,av = avenida,2.0
Monteiro,Santana,av.beira_rio+r.pedro_werneck,av = avenida; r = rua,3.0
Monteiro,Sítio dos Pintos,av.17_de_agosto+av.sítio_dos_pintos,av = avenida,2.0
Monteiro,Tamarineira,av.17_de_agosto+av.norte,av = avenida,2.0
Parnamirim,Poço,av.norte+av.beira_rio,av = avenida,2.0
Parnamirim,Santana,av.norte+r.pedro_werneck,av = avenida; r = rua,3.0
Parnamirim,Sítio dos Pintos,av.norte+av.17_de_agosto+av.sítio_dos_pintos,av = avenida,3.0
Parnamirim,Tamarineira,av.norte,av = avenida,1.0
Poço,Santana,r.pedro_werneck,r = rua,2.0
Poço,Sítio dos Pintos,av.beira_rio+av.17_de_agosto+av.sítio_dos_pintos,av = avenida,3.0
Poço,Tamarineira,av.beira_rio+av.norte,av = avenida,2.0
Santana,Sítio dos Pintos,r.pedro_werneck+av.17_de_agosto+av.sítio_dos_pintos,av = avenida; r = rua,4.0
Santana,Tamarineira,r.pedro_werneck+av.norte,av = avenida; r = rua,3.0
Sítio dos Pintos,Tamarineira,av.sítio_dos_pintos+av.17_de_agosto+av.norte,av = avenida,3.0
Alto José Bonifácio,Alto José do Pinho,r.josé_bonifácio+av.boa_viagem+r.alto_do_pinho,av = avenida; r = rua,5.0
Alto José Bonifácio,Mangabeira,r.josé_bonifácio+av.boa_viagem+av.mangabeira,av = avenida; r = rua,4.0
Alto José Bonifácio,Morro da Conceição,r.josé_bonifácio+av.boa_viagem+r.morro_da_conceição,av = avenida; r = rua,5.0
Alto José Bonifácio,Vasco da Gama,r.josé_bonifácio+av.boa_viagem+av.vasco_da_gama,av = avenida; r = rua,4.0
Alto José do Pinho,Mangabeira,av.boa_viagem+av.mangabeira,av = avenida,2.0
Alto José do Pinho,Morro da Conceição,av.boa_viagem+r.morro_da_conceição,av = avenida; r = rua,3.0
Alto José do Pinho,Vasco da Gama,av.boa_viagem+av.vasco_da_gama,av = avenida,2.0
Mangabeira,Morro da Conceição,av.mangabeira+r.morro_da_conceição,av = avenida; r = rua,3.0
Mangabeira,Vasco da Gama,av.mangabeira+av.vasco_da_gama,av = avenida,2.0
Morro da Conceição,Vasco da Gama,r.morro_da_conceição+av.vasco_da_gama,av = avenida; r = rua,3.0
Brejo da Guabiraba,Brejo de Beberibe,av.brejo+r.de_beberibe,av = avenida; r = rua,3.0
Brejo da Guabiraba,Córrego do Jenipapo,av.brejo+r.córrego_do_jenipapo,av = avenida; r = rua,3.0
Brejo da Guabiraba,Guabiraba,av.brejo+r.guabiraba,av = avenida; r = rua,3.0
Brejo da Guabiraba,Macaxeira,av.brejo+av.macaxeira,av = avenida,2.0
Brejo da Guabiraba,Nova Descoberta,av.brejo+av.nova_descoberta,av = avenida,2.0
Brejo da Guabiraba,Passarinho,av.brejo+av.passarinho,av = avenida,2.0
Brejo da Guabiraba,Pau-Ferro,av.brejo+av.pau-ferro,av = avenida,2.0
Brejo de Beberibe,Córrego do Jenipapo,r.de_beberibe+r.córrego_do_jenipapo,r = rua,4.0
Brejo de Beberibe,Guabiraba,r.de_beberibe+av.guabiraba,av = avenida; r = rua,3.0
Brejo de Beberibe,Macaxeira,r.de_beberibe+av.macaxeira,av = avenida; r = rua,3.0
Brejo de Beberibe,Nova Descoberta,r.de_beberibe+av.nova_descoberta,av = avenida; r = rua,3.0
Brejo de Beberibe,Passarinho,r.de_beberibe+av.passarinho,av = avenida; r = rua,3.0
Brejo de Beberibe,Pau-Ferro,r.de_beberibe+av.pau-ferro,av = avenida; r = rua,3.0
Córrego do Jenipapo,Guabiraba,r.córrego_do_jenipapo+av.guabiraba,av = avenida; r = rua,3.0
Córrego do Jenipapo,Macaxeira,r.córrego_do_jenipapo+av.macaxeira,av = avenida; r = rua,3.0
Córrego do Jenipapo,Nova Descoberta,r.córrego_do_jenipapo+av.nova_descoberta,av = avenida; r = rua,3.0
Córrego do Jenipapo,Passarinho,r.córrego_do_jenipapo+av.passarinho,av = avenida; r = rua,3.0
Córrego do Jenipapo,Pau-Ferro,r.córrego_do_jenipapo+av.pau-ferro,av = avenida; r = rua,3.0
Guabiraba,Macaxeira,av.guabiraba+av.macaxeira,av = avenida,2.0
Guabiraba,Nova Descoberta,av.guabiraba+av.nova_descoberta,av = avenida,2.0
Guabiraba,Passarinho,av.guabiraba+av.passarinho,av = avenida,2.0
Guabiraba,Pau-Ferro,av.guabiraba+av.pau-ferro,av = avenida,2.0
Macaxeira,Nova Descoberta,av.macaxeira+av.nova_descoberta,av = avenida,2.0
Macaxeira,Passarinho,av.macaxeira+av.passarinho,av = avenida,2.0
Macaxeira,Pau-Ferro,av.macaxeira+av.pau-ferro,av = avenida,2.0
Nova Descoberta,Passarinho,av.nova_descoberta+av.passarinho,av = avenida,2.0
Nova Descoberta,Pau-Ferro,av.nova_descoberta+av.pau-ferro,av = avenida,2.0
Passarinho,Pau-Ferro,av.passarinho+av.pau-ferro,av = avenida,2.0
Cordeiro,Ilha do Retiro,av.cordeiro+av.ilha_do_retiro,av = avenida,2.0
Cordeiro,Iputinga,av.cordeiro+av.iputinga,av = avenida,2.0
Cordeiro,Madalena,av.cordeiro+av.madalena,av = avenida,2.0
Cordeiro,Prado,av.cordeiro+av.prado,av = avenida,2.0
Cordeiro,Torre,av.cordeiro+av.torre,av = avenida,2.0
Cordeiro,Zumbi,av.cordeiro+av.zumbi,av = avenida,2.0
Ilha do Retiro,Iputinga,av.ilha_do_retiro+av.iputinga,av = avenida,2.0
Ilha do Retiro,Madalena,av.ilha_do_retiro+av.madalena,av = avenida,2.0
Ilha do Retiro,Prado,av.ilha_do_retiro+av.prado,av = avenida,2.0
Ilha do Retiro,Torre,av.ilha_do_retiro+av.torre,av = avenida,2.0
Ilha do Retiro,Zumbi,av.ilha_do_retiro+av.zumbi,av = avenida,2.0
Iputinga,Madalena,av.iputinga+av.madalena,av = avenida,2.0
Iputinga,Prado,av.iputinga+av.prado,av = avenida,2.0
Iputinga,Torre,av.iputinga+av.torre,av = avenida,2.0
Iputinga,Zumbi,av.iputinga+av.zumbi,av = avenida,2.0
Madalena,Prado,av.madalena+av.prado,av = avenida,2.0
Madalena,Torre,av.madalena+av.torre,av = avenida,2.0
Madalena,Zumbi,av.madalena+av.zumbi,av = avenida,2.0
Prado,Torre,av.recife+av.beira_rio,av = avenida,2.0
Prado,Zumbi,av.recife+av.sul+av.maracanã,av = avenida,3.0
Torre,Zumbi,av.beira_rio+av.sul+av.maracanã,av = avenida,3.0
Engenho do Meio,Torrões,av.caxangá+r.torrões,av = avenida; r = rua,3.0
Caxangá,Cidade Universitária,av.caxangá+r.prof.luís_freire,av = avenida; r = rua,3.0
Caxangá,Várzea,av.caxangá,av = avenida,1.0
Cidade Universitária,Várzea,r.prof.luís_freire,r = rua,2.0
Afogados,Bongi,av.sul+av.recife,av = avenida,2.0
Afogados,Mangueira,av.recife+r.tres_de_marco,av = avenida; r = rua,3.0
Afogados,Mustardinha,av.sul+av.recife+r.mustardinha,av = avenida; r = rua,4.0
Afogados,San Martin,av.sul+av.recife+r.san_martin,av = avenida; r = rua,4.0
Bongi,Mangueira,av.recife+r.tres_de_marco,av = avenida; r = rua,3.0
Bongi,Mustardinha,av.recife+r.mustardinha,av = avenida; r = rua,3.0
Bongi,San Martin,av.recife+r.san_martin,av = avenida; r = rua,3.0
Mangueira,Mustardinha,r.tres_de_marco+r.mustardinha,r = rua,4.0
Mangueira,San Martin,r.tres_de_marco+r.san_martin,r = rua,4.0
Mustardinha,San Martin,r.mustardinha+r.san_martin,r = rua,4.0
Areias,Caçote,r.areias+r.caçote,r = rua,4.0
Areias,Estância,r.areias+r.estância,r = rua,4.0
Areias,Jiquiá,r.areias+av.brigadeiro,av = avenida; r = rua,3.0
Caçote,Estância,r.caçote+r.estância,r = rua,4.0
Caçote,Jiquiá,r.caçote+av.brigadeiro,av = avenida; r = rua,3.0
Estância,Jiquiá,r.estância+av.brigadeiro,av = avenida; r = rua,3.0
Barro,Coqueiral,r.barro+av.brigadeiro+r.coqueiral,av = avenida; r = rua,5.0
Barro,Curado,r.barro+av.brigadeiro+r.curado,av = avenida; r = rua,5.0
Barro,Jardim São Paulo,r.barro+av.sul+r.jardim_são_paulo,av = avenida; r = rua,5.0
Barro,Sancho,r.barro+av.brigadeiro+r.sancho,av = avenida; r = rua,5.0
Barro,Tejipió,r.barro+av.brigadeiro+r.tejipio,av = avenida; r = rua,5.0
Barro,Totó,r.barro+av.brigadeiro+r.totó,av = avenida; r = rua,5.0
Coqueiral,Curado,av.mascarenhas_de_moraes,av = avenida,1.0
Coqueiral,Jardim São Paulo,av.mascarenhas_de_moraes,av = avenida,1.0
Coqueiral,Sancho,av.mascarenhas_de_moraes,av = avenida,1.0
Coqueiral,Tejipió,av.mascarenhas_de_moraes,av = avenida,1.0
Coqueiral,Totó,av.mascarenhas_de_moraes+r.totó,av = avenida; r = rua,3.0
Curado,Jardim São Paulo,av.mascarenhas_de_moraes,av = avenida,1.0
Curado,Sancho,av.mascarenhas_de_moraes,av = avenida,1.0
Curado,Tejipió,av.mascarenhas_de_moraes,av = avenida,1.0
Curado,Totó,av.mascarenhas_de_moraes+r.totó,av = avenida; r = rua,3.0
Jardim São Paulo,Sancho,av.mascarenhas_de_moraes,av = avenida,1.0
Jardim São Paulo,Tejipió,av.mascarenhas_de_moraes,av = avenida,1.0
Jardim São Paulo,Totó,av.mascarenhas_de_moraes+r.totó,av = avenida; r = rua,3.0
Sancho,Tejipió,av.mascarenhas_de_moraes,av = avenida,1.0
Sancho,Totó,av.mascarenhas_de_moraes+r.totó,av = avenida; r = rua,3.0
Tejipió,Totó,av.mascarenhas_de_moraes+r.totó,av = avenida; r = rua,3.0
Boa Viagem,Brasília Teimosa,av.cons.castro_alves+av.brigadeiro_campos,av = avenida,2.0
Boa Viagem,Imbiribeira,av.cons.castro_alves+av.mascarenhas_de_moraes,av = avenida,2.0
Boa Viagem,Ipsep,av.cons.castro_alves+av.mascarenhas_de_moraes,av = avenida,2.0
Boa Viagem,Pina,av.cons.castro_alves+av.herculano_bandeira,av = avenida,2.0
Brasília Teimosa,Imbiribeira,av.brigadeiro_campos+av.mascarenhas_de_moraes,av = avenida,2.0
Brasília Teimosa,Ipsep,av.brigadeiro_campos+av.mascarenhas_de_moraes,av = avenida,2.0
Brasília Teimosa,Pina,av.brigadeiro_campos+av.herculano_bandeira,av = avenida,2.0
Imbiribeira,Ipsep,av.mascarenhas_de_moraes,av = avenida,1.0
Imbiribeira,Pina,av.mascarenhas_de_moraes+av.herculano_bandeira,av = avenida,2.0
Ipsep,Pina,av.mascarenhas_de_moraes+av.herculano_bandeira,av = avenida,2.0
Ibura,Jordão,av.recife+av.prof.luiz_freire,av = avenida,2.0
Ibura,Cohab,av.recife+av.prof.luiz_freire,av = avenida,2.0
Jordão,Cohab,av.recife+av.prof.luiz_freire,av = avenida,2.0
Recife,Aflitos,pe-001+av.norte_miguel_arraes_de_alencar,av = avenida;  pe = rodovia pe,2.0
Recife,Caxangá,av.norte_miguel_arraes_de_alencar+av.caxangá,av = avenida,2.0
Recife,Água Fria,r.do_sol+r.siqueira_campos+av.norte_miguel_arraes_de_alencar,av = avenida; r = rua,5.0
Recife,Engenho do Meio,av.cais_do_apolo+ponte_buarque_de_macedo+av.caxangá+r.sao_miguel,av = avenida; r = rua,4.5
Recife,Boa Viagem,av.nossa_sra_do_carmo+r.do_sol+av.mascarenhas_de_moraes+av.boa_viagem,av = avenida,5.0
Recife,Arruda,av.norte_miguel_arraes_de_alencar+av.joao_de_barros+r.dos_coelhos,av = avenida; r = rua,4.0
Recife,Cordeiro,av.caxangá+av.estrada_dos_remedios,av = avenida,2.5
Recife,Boa Vista,av.nossa_sra_do_carmo+ponte_de_recife+r.do_sol,av = avenida; r = rua,3.5
Recife,Alto José Bonifácio,av.norte_miguel_arraes_de_alencar+r.correa_de_brito,av = avenida; r = rua,3.0
Recife,Afogados,av.dantas_barreto+r.padre_muniz+av.conselheiro_aguiar,av = avenida; r = rua,4.0
Recife,Coelhos,r.do_sol+av.dantas_barreto+viaduto_das_quinze_pontes+av.martin_luther_king,av = avenida; r = rua,6.5
Recife,Brejo da Guabiraba,av.norte_miguel_arraes_de_alencar+av.dois_irmaos,av = avenida,2.0
Recife,Areias,av.brasilia+br-101+r.capitao_jose_leite,av = avenida; r = rua,4.0
Recife,Ibura,av.nossa_sra_do_carmo+av.mascarenhas_de_moraes+br-101,av = avenida,3.0
Recife,Barro,av.dantas_barreto+r.do_sol+av.nossa_sra_do_carmo+av.consolacao,av = avenida; r = rua,5.0
Aflitos,Caxangá,av.beira_rio+av.caxangá,av = avenida,2.0
Aflitos,Água Fria,r.siqueira_campos+av.joao_de_barros+r.dos_coelhos,av = avenida; r = rua,5.0
Aflitos,Engenho do Meio,av.caxangá+av.visconde_de_alagoinhas,av = avenida,2.0
Aflitos,Boa Viagem,av.joana_bezerra+av.agamenon_magalhaes+r.antonio_de_goes+r.padre_teotonio,av = avenida; r = rua,6.0
Aflitos,Arruda,av.norte_miguel_arraes_de_alencar+r.doutor_agostinho_campelo,av = avenida; r = rua,3.0
Aflitos,Cordeiro,av.caxangá+r.sao_miguel+r.josue_de_sousa,av = avenida; r = rua,5.0
Aflitos,Boa Vista,av.conselheiro_rodrigues_alves+r.conde_de_boa_vista,av = avenida; r = rua,3.0
Aflitos,Alto José Bonifácio,av.norte_miguel_arraes_de_alencar+r.correa_de_brito+r.joaquim_nabuco,av = avenida; r = rua,5.0
Aflitos,Afogados,av.visconde_de_alagoinhas+av.joana_bezerra+r.sao_miguel,av = avenida; r = rua,4.0
Aflitos,Coelhos,r.dos_coelhos+r.da_aurora+r.do_sol+av.dantas_barreto,av = avenida; r = rua,7.0
Aflitos,Brejo da Guabiraba,av.dois_irmaos+r.joao_de_barros+r.siqueira_campos,av = avenida; r = rua,5.0
Aflitos,Areias,av.beira_rio+av.caxangá+br-101,av = avenida,3.0
Aflitos,Ibura,av.visconde_de_alagoinhas+av.joana_bezerra+av.agamenon_magalhaes+br-101,av = avenida,4.0
Aflitos,Barro,av.joana_bezerra+av.agamenon_magalhaes+r.sao_miguel+br-101,av = avenida; r = rua,4.0
Caxangá,Água Fria,av.caxangá+av.norte_miguel_arraes_de_alencar,av = avenida,2.0
Caxangá,Engenho do Meio,av.caxangá+av.visconde_de_alagoinhas,av = avenida,2.0
Caxangá,Boa Viagem,av.caxangá+r.sao_miguel+av.visconde_de_alagoinhas+av.joana_bezerra,av = avenida,5.0
Caxangá,Arruda,av.caxangá+av.norte_miguel_arraes_de_alencar+r.doutor_agostinho_campelo,av = avenida; r = rua,4.0
Caxangá,Cordeiro,av.caxangá+r.sao_miguel+r.josue_de_sousa,av = avenida; r = rua,5.0
Caxangá,Boa Vista,av.caxangá+av.conselheiro_rodrigues_alves+av.visconde_de_alagoinhas,av = avenida,3.0
Caxangá,Alto José Bonifácio,av.norte_miguel_arraes_de_alencar+r.correa_de_brito,av = avenida; r = rua,3.0
Caxangá,Afogados,av.caxangá+r.sao_miguel+r.dr_francisco_de_assis+r.padre_muniz,av = avenida; r = rua,7.0
Caxangá,Coelhos,av.caxangá+av.visconde_de_alagoinhas+r.do_sol+av.dantas_barreto,av = avenida,5.0
Caxangá,Brejo da Guabiraba,av.dois_irmaos+r.do_sol+r.siqueira_campos+av.norte_miguel_arraes_de_alencar,av = avenida; r = rua,6.0
Caxangá,Areias,av.caxangá+br-101+r.capitao_jose_leite,av = avenida; r = rua,4.0
Caxangá,Ibura,av.caxangá+r.sao_miguel+br-101,av = avenida; r = rua,4.0
Caxangá,Barro,av.caxangá+r.sao_miguel+br-101,av = avenida; r = rua,4.0
Água Fria,Engenho do Meio,av.norte_miguel_arraes_de_alencar+av.caxangá+r.sao_miguel,av = avenida; r = rua,4.0
Água Fria,Boa Viagem,av.norte_miguel_arraes_de_alencar+av.joao_de_barros+av.agamenon_magalhaes+av.boa_viagem,av = avenida,4.0
Água Fria,Arruda,r.dos_coelhos+r.da_aurora+r.do_sol+av.norte_miguel_arraes_de_alencar,av = avenida; r = rua,7.0
Água Fria,Cordeiro,av.norte_miguel_arraes_de_alencar+av.caxangá,av = avenida; r = rua,2.0
Água Fria,Boa Vista,av.norte_miguel_arraes_de_alencar+av.joao_de_barros+r.dos_coelhos,av = avenida; r = rua,4.0
Água Fria,Alto José Bonifácio,av.norte_miguel_arraes_de_alencar+r.correa_de_brito+r.joaquim_nabuco,av = avenida; r = rua,5.0
Água Fria,Afogados,r.dos_coelhos+r.da_aurora+r.do_sol+av.dantas_barreto+r.padre_muniz+r.sao_miguel,r = rua; av = avenida,11.0
Água Fria,Coelhos,r.dos_coelhos+r.da_aurora+r.do_sol+av.dantas_barreto,r = rua; av = avenida,7.0
Água Fria,Brejo da Guabiraba,av.dois_irmaos+r.joao_de_barros+r.siqueira_campos+av.norte_miguel_arraes_de_alencar,av = avenida; r = rua,7.0
Água Fria,Areias,av.norte_miguel_arraes_de_alencar+av.caxangá+br-101,av = avenida; r = rua; br = rodovia BR,3.0
Água Fria,Ibura,av.norte_miguel_arraes_de_alencar+av.caxangá+r.sao_miguel+br-101,av = avenida; r = rua; br = rodovia BR,5.0
Água Fria,Barro,av.norte_miguel_arraes_de_alencar+av.caxangá+r.sao_miguel+br-101,av = avenida; r = rua; br = rodovia BR,5.0
Engenho do Meio,Boa Viagem,av.caxangá+r.sao_miguel+av.visconde_de_alagoinhas+av.joana_bezerra+av.agamenon_magalhaes,av = avenida; r = rua,6.0
Engenho do Meio,Arruda,av.caxangá+r.sao_miguel+r.doutor_agostinho_campelo,av = avenida; r = rua,5.0
Engenho do Meio,Cordeiro,av.caxangá+r.sao_miguel,av = avenida; r = rua,3.0
Engenho do Meio,Boa Vista,av.caxangá+av.conselheiro_rodrigues_alves,av = avenida,2.0
Engenho do Meio,Alto José Bonifácio,av.caxangá+av.norte_miguel_arraes_de_alencar+r.correa_de_brito,av = avenida; r = rua,4.0
Engenho do Meio,Afogados,av.caxangá+r.sao_miguel+r.dr_francisco_de_assis+r.padre_muniz+r.sao_miguel,av = avenida; r = rua,9.0
Engenho do Meio,Coelhos,av.caxangá+r.sao_miguel+r.josue_de_sousa,av = avenida; r = rua,5.0
Engenho do Meio,Brejo da Guabiraba,av.caxangá+av.norte_miguel_arraes_de_alencar+av.dois_irmaos,av = avenida; r = rua,3.0
Engenho do Meio,Areias,av.caxangá+br-101,av = avenida; r = rua; br = rodovia BR,2.0
Engenho do Meio,Ibura,av.caxangá+r.sao_miguel+br-101,av = avenida; r = rua; br = rodovia BR,4.0
Engenho do Meio,Barro,av.caxangá+r.sao_miguel+br-101,av = avenida; r = rua; br = rodovia BR,4.0
Boa Viagem,Arruda,av.agamenon_magalhaes+av.norte_miguel_arraes_de_alencar,av = avenida,2.0
Boa Viagem,Cordeiro,av.herculano_bandeira+av.joana_bezerra+av.agamenon_magalhaes+av.caxangá,av = avenida,4.0
Boa Viagem,Boa Vista,av.consolacao+r.do_sol+av.dantas_barreto,av = avenida; r = rua,4.0
Boa Viagem,Alto José Bonifácio,av.norte_miguel_arraes_de_alencar+r.correa_de_brito,av = avenida; r = rua,3.0
Boa Viagem,Afogados,av.mascarenhas_de_moraes+r.sao_miguel,av = avenida; r = rua,3.0
Boa Viagem,Coelhos,av.joana_bezerra+av.agamenon_magalhaes+r.do_sol,av = avenida; r = rua,4.0
Boa Viagem,Brejo da Guabiraba,av.norte_miguel_arraes_de_alencar+av.dois_irmaos,av = avenida,2.0
Boa Viagem,Areias,av.mascarenhas_de_moraes+r.sao_miguel+br-101+r.capitao_jose_leite,av = avenida; r = rua; br = rodovia BR,6.0
Boa Viagem,Ibura,av.mascarenhas_de_moraes+br-101,av = avenida; br = rodovia BR,2.0
Boa Viagem,Barro,av.mascarenhas_de_moraes+br-101+r.capitao_jose_leite,av = avenida; r = rua; br = rodovia BR,4.0
Arruda,Cordeiro,av.norte_miguel_arraes_de_alencar+av.caxangá+r.sao_miguel,av = avenida; r = rua,4.0
Arruda,Boa Vista,av.norte_miguel_arraes_de_alencar+av.joao_de_barros+r.dos_coelhos,av = avenida; r = rua,4.0
Arruda,Alto José Bonifácio,av.norte_miguel_arraes_de_alencar+r.correa_de_brito+r.joaquim_nabuco,av = avenida; r = rua,5.0
Arruda,Afogados,av.norte_miguel_arraes_de_alencar+r.siqueira_campos+r.padre_muniz+r.sao_miguel,av = avenida; r = rua; br = rodovia BR,7.0
Arruda,Coelhos,av.norte_miguel_arraes_de_alencar+r.joao_de_barros+r.dos_coelhos,av = avenida; r = rua,4.0
Arruda,Brejo da Guabiraba,av.norte_miguel_arraes_de_alencar+av.dois_irmaos,av = avenida; r = rua,2.0
Arruda,Areias,av.norte_miguel_arraes_de_alencar+av.caxangá+br-101,av = avenida; r = rua; br = rodovia BR,3.0
Arruda,Ibura,av.norte_miguel_arraes_de_alencar+av.caxangá+r.sao_miguel+br-101,av = avenida; r = rua; br = rodovia BR,5.0
Arruda,Barro,av.norte_miguel_arraes_de_alencar+av.caxangá+r.sao_miguel+br-101,av = avenida; r = rua; br = rodovia BR,5.0
Cordeiro,Boa Vista,av.caxangá+av.conselheiro_rodrigues_alves+av.visconde_de_alagoinhas,av = avenida,3.0
Cordeiro,Alto José Bonifácio,av.caxangá+av.norte_miguel_arraes_de_alencar+r.correa_de_brito,av = avenida; r = rua,4.0
Cordeiro,Afogados,av.caxangá+r.sao_miguel+r.dr_francisco_de_assis+r.padre_muniz+r.sao_miguel,av = avenida; r = rua,9.0
Cordeiro,Coelhos,av.caxangá+r.sao_miguel+r.josue_de_sousa,av = avenida; r = rua,5.0
Cordeiro,Brejo da Guabiraba,av.caxangá+av.norte_miguel_arraes_de_alencar+av.dois_irmaos,av = avenida; r = rua,3.0
Cordeiro,Areias,av.caxangá+r.sao_miguel+br-101+r.capitao_jose_leite,av = avenida; r = rua; br = rodovia BR,6.0
Cordeiro,Ibura,av.caxangá+r.sao_miguel+br-101,av = avenida; r = rua; br = rodovia BR,4.0
Cordeiro,Barro,av.caxangá+r.sao_miguel+br-101,av = avenida; r = rua; br = rodovia BR,4.0
Boa Vista,Alto José Bonifácio,av.norte_miguel_arraes_de_alencar+r.correa_de_brito,av = avenida; r = rua,3.0
Boa Vista,Afogados,av.dantas_barreto+r.do_sol+r.sao_miguel,av = avenida; r = rua,5.0
Boa Vista,Coelhos,r.dos_coelhos+r.da_aurora+r.do_sol+av.dantas_barreto,r = rua; av = avenida,7.0
Boa Vista,Brejo da Guabiraba,av.norte_miguel_arraes_de_alencar+av.dois_irmaos,av = avenida; r = rua,2.0
Boa Vista,Areias,av.caxangá+br-101+r.capitao_jose_leite,av = avenida; r = rua; br = rodovia BR,4.0
Boa Vista,Ibura,av.norte_miguel_arraes_de_alencar+av.caxangá+r.sao_miguel+br-101,av = avenida; r = rua; br = rodovia BR,5.0
Boa Vista,Barro,av.norte_miguel_arraes_de_alencar+av.caxangá+r.sao_miguel+br-101,av = avenida; r = rua; br = rodovia BR,5.0
Alto José Bonifácio,Afogados,av.norte_miguel_arraes_de_alencar+av.caxangá+r.sao_miguel+r.dr_francisco_de_assis,av = avenida; r = rua,7.0
Alto José Bonifácio,Coelhos,av.norte_miguel_arraes_de_alencar+av.joao_de_barros+r.dos_coelhos,av = avenida; r = rua,4.0
Alto José Bonifácio,Brejo da Guabiraba,av.dois_irmaos+r.joaquim_nabuco+av.norte_miguel_arraes_de_alencar,av = avenida; r = rua,4.0
Alto José Bonifácio,Areias,av.norte_miguel_arraes_de_alencar+av.caxangá+r.sao_miguel+br-101,av = avenida; r = rua; br = rodovia BR,5.0
Alto José Bonifácio,Ibura,av.norte_miguel_arraes_de_alencar+av.caxangá+r.sao_miguel+br-101,av = avenida; r = rua; br = rodovia BR,5.0
Alto José Bonifácio,Barro,av.norte_miguel_arraes_de_alencar+av.caxangá+r.sao_miguel+br-101,av = avenida; r = rua; br = rodovia BR,5.0
Afogados,Coelhos,r.sao_miguel+r.do_sol+av.dantas_barreto,r = rua; av = avenida,5.0
Afogados,Brejo da Guabiraba,av.brejo_da_guabiraba+r.dois_irmaos+av.norte_miguel_arraes_de_alencar,av = avenida; r = rua,4.0
Afogados,Areias,br-101+av.recife+r.capitao_jose_leite,av = avenida; r = rua; br = rodovia BR,4.0
Afogados,Ibura,r.sao_miguel+br-101,r = rua; br = rodovia BR,3.0
Afogados,Barro,r.sao_miguel+br-101,r = rua; br = rodovia BR,3.0
Coelhos,Brejo da Guabiraba,r.dos_coelhos+av.norte_miguel_arraes_de_alencar+av.dois_irmaos,r = rua; av = avenida,4.0
Coelhos,Areias,r.dos_coelhos+r.da_aurora+r.do_sol+av.nossa_sra_do_carmo+av.brasilia+br-101,r = rua; av = avenida; br = rodovia BR,9.0
Coelhos,Ibura,r.dos_coelhos+r.da_aurora+r.do_sol+av.consolacao+av.recife+br-101,r = rua; av = avenida; br = rodovia BR,9.0
Coelhos,Barro,av.dantas_barreto+r.padre_muniz+r.sao_miguel+br-101,av = avenida; r = rua; br = rodovia BR,6.0
Brejo da Guabiraba,Areias,av.dois_irmaos+av.norte_miguel_arraes_de_alencar+av.caxangá+br-101,av = avenida; r = rua; br = rodovia BR,4.0
Brejo da Guabiraba,Ibura,av.dois_irmaos+av.norte_miguel_arraes_de_alencar+av.caxangá+r.sao_miguel+br-101,av = avenida; r = rua; br = rodovia BR,6.0
Brejo da Guabiraba,Barro,av.dois_irmaos+av.norte_miguel_arraes_de_alencar+av.caxangá+r.sao_miguel+br-101,av = avenida; r = rua; br = rodovia BR,6.0
Areias,Ibura,av.recife+r.capitao_jose_leite+br-101,av = avenida; r = rua; br = rodovia BR,4.0
Areias,Barro,av.recife+r.capitao_jose_leite+br-101,av = avenida; r = rua; br = rodovia BR,4.0
Ibura,Barro,br-101+av.recife+r.capitao_jose_leite,av = avenida; r = rua; br = rodovia BR,4.0